Class;N;AverageBest;AverageTime
class1;n100;12.5689854;442.198
class1;n150;19.5491999;1364.764
class1;n50;7.4435652999999995;59.105
class2;n100;8.3763257;388.403
class2;n150;12.1295351;1266.608
class2;n50;4.8587663;54.89
class3;n100;6.7092466;381.157
class3;n150;9.9639848;1223.278
class3;n50;4.0446044;54.3
class4;n100;16.7035966;357.926
class4;n150;25.7372611;1331.453
class4;n50;8.7720419;57.829
